,0,1,2,3,4,5,6,7,8,9,10,11,12,13,14,15,16,17,18,19,20,21,22,23,24,25,26,27,28,29,30,31,32,33,34,35,36,37,38,39,40,41,42,43,44,45,46,47,48,49,50,51,52,53,54,55,56,57,58,59,60,61,62,63,64,65,66,67,68,69,70,71,72,73,74,75,76,77,78,79,80,81,82,83,84,85,86,87,88,89,90,91,92,93,94,95,96,97,98,99
0,"Graffitis de alas https://t.co/SO7BsZxxRi
#EspaÃ±ol #Paredes #Muros #Murales #Alas #Volar #Fotos #Arte #Urbano #ExpresiÃ³nArtÃ­stica #Emociones #Barquisimeto #Lara #Venezuela","No te compares https://t.co/JPp4oLj0pk
#EspaÃ±ol #MotivaciÃ³n #Motivacional #MensajeMotivacional #Mensaje #ReflexiÃ³n #Consejo #OpiniÃ³n #SaludEmocional #Emociones #EmocionesNegativas #Competitividad #CompetitividadSana #Envidia #FrustraciÃ³n #Capacidades #SerHumano","Controlando tus emociones https://t.co/VKxHlujVBz
#EspaÃ±ol #Emociones #Control #ManejoDeEmociones #InteligenciaEmocional #ControlDeEmociones #Autocontrol #Mensaje #Ayuda #CuidaDeTiMismo #SaludEmocional #PsicologÃ­a #Motivacional",Persona #toxicas #amor #pareja #psicologia #saludmental #autoestima #saludmentalyemocional #emociones https://t.co/TO3YkxPNJN,ğŸ‘©ğŸ¼â€âš•ï¸Me siento bien chin**** ğŸ¤­ğŸ¤—#nutriologa #nutricion #saludmental #saludemocional #saludmentalyemocional #lanutriemocional #drabuenavibra #psiconutriciÃ³n #lanutriuniversal #lanutriquenoteprohibe #nutricionemocional #emociones #sentimientosyemociones #terapiamareyan https://t.co/23KMoMverP,By AgustÃ­n Orejas- Cobertura periodista - #photograph #photographer #Argentina #photogrid #photo #Fotos #photographe #photography #FotÃ³grafo #periodismo #emociones #arte #streetphotography #fotocallejera #fotodocumental #photojournalism https://t.co/aFUi1as2X6,"Finally @draglatina  esta aquÃ­ en un momento mÃ¡s verÃ¡n este grande esfuerzo de producciÃ³n,ediciÃ³n,y de todas mis hermanas draglatinas espero y les agrade mi trabajo!! Solo x @REVRYTV  conducido por la diva @Ninelconde #emociones  #transdrag #jarocha #denverdrag #RealityTV","Gestionar adecuadamente las emociones es supremamente importante para tener Ã©xito en el tratamiento de varios trastornos del sueÃ±o como el insomnio, sonambulismo y bruxismo. #medicinadelsueÃ±o #somnologo #dracarmenchacon #emociones #bruxismo #insomnio #sonambulismo",Alivia tu estress https://t.co/f3O2DCkzN0 #PymesUnidas #emociones,"El Hermoso Lenguaje de los Abrazos
Rompiendo Esquemas con MarÃ­a HernÃ¡ndez
Escucha este programa cada SÃ¡bado a la 1pm por @Sintonia1420am 
#Relaciones #Emociones #Radio 
https://t.co/Yp321wU5CO","El conocimiento del paciente permite definir los sÃ­ntomas para poder asociarlos al estilo de vida de forma integrada y definir el diagnÃ³stico mÃ¡s conveniente.
La consciencia emocional tiene un efecto directo este proceso.
https://t.co/6VniqtnF6N 
#traumatologia #emociones",By AgustÃ­n Orejas- Cobertura periodista - #photograph #photographer #Argentina #photogrid #photo #Fotos #photographe #photography #FotÃ³grafo #periodismo #emociones #arte #streetphotography #fotocallejera #fotodocumental #photojournalism https://t.co/PwIJSecved,"Â¡Â¡Â¡ Buenas noches !!! Â¿Fumas? - 
YO DEJÃ‰ DE FUMAR - Un libro de #emociones para que intentes dejar de #fumar: 
https://t.co/VY8CqCzLLi
#dejardefumar #tabaco
https://t.co/AifnCH7I93",La traiciÃ³n a nuestra prudencia https://t.co/NEMwNmgEQB #PymesUnidas #emociones,"En ese consejo entendÃ­ sobre las amistades que a mis 25 aÃ±os aÃºn no conozco a mi alma gemela, a esa persona que estÃ© incondicionalmente para mi, que no me juzgue, que realmente se alegre de mis logros y me apoye emocionalmente en mis derrotasâ€¦ 
#FelizDomingo #emociones #expresar","Dentro de la cancha el futbolista experimenta #emociones intensas. #Relatocorto donde la presiÃ³n del juego genera en el deportista momentos de duda.

#cuentobreve #lecturas #lectura #leer #literatura #fÃºtbol #soccer #deporte","""Las emociones nos sirven para establecer una mejor relaciÃ³n con el entorno. Todos las tenemos y darnos permiso para sentir y no bloquear o negar lo que sentimos es primordial para poder expresarlo despuÃ©s.""
#emociones #terapia #terapiadepareja
 #sentir
https://t.co/plWoAhD9Sd","CÃ³mo mejorar la inteligencia emocional y regular emociones de forma mÃ¡s eficaz. ğŸ˜Š

#FelizDomingo #FelizDomingoATodos #emociones #SaludMental #Salud #Bienestar #Psicologia #fuengirola #Malaga https://t.co/cVqzgCQdnW","PARA REFLEXIONAR
 #autoestima #bienestar #saludmental #psicologia #emociones #CiaraMolina #amorpropio https://t.co/gBCKo2OfLk","La realidad actual demanda un valor aÃ±adido: la emociÃ³n.
Aprende a transmitir esta emociÃ³n en tus ventas gracias a nuestro taller: Venta emocional.
InfÃ³rmate en nuestra web.https://t.co/jlifA7i8sr

.
.
#PlanDeAcciÃ³n #ventaEmocional #Emociones #neuromarketing https://t.co/4tcQgg3OT4","""Me gusta el viento. No sÃ© por quÃ©, pero cuando camino contra el viento parece que me borra cosas. Quiero decir: cosas que quiero borrar"".

Mario Benedetti. ğŸ–¤

#coaching #emociones https://t.co/avD7YS4uWu","La gestiÃ³n de las #emociones es todo un logro de quiÃ©nes en el rol de #madres, lidian dÃ­a a dÃ­a con su humor, traumas, cansancio, miedos, angustias y/o crisis, pero saben distinguir que del otro lado, el #amor contrarresta cualquier contratiempo. â¤
Feliz DÃ­a deÂ laÂ MadreÂ !Â ğŸ«¶ğŸ’ª https://t.co/UVyYT3Rzik","Al final, la responsabilidad es nuestra en gran medida. Trabajar con nuestra historia para convertirla en aliada, abre el corazÃ³n a pesar de las heridas o justamente abriÃ©ndonos a ellas logramos trascender lo que aceptamos.

#emociones #saludmental https://t.co/ZvCiyZabvh",Ser Ãºtil para tÃ­ https://t.co/2AUQxsiXJC #PymesUnidas #emociones,"ğ™Œğ™ªğ™ğ™šğ™£ ğ™–ğ™¢ğ™– ğ™¢ğ™ªğ™˜ğ™ğ™¤ ğ™£ğ™¤ ğ™¥ğ™šğ™§ğ™™ğ™¤ğ™£ğ™– ğ™›ğ™–Ìğ™˜ğ™ğ™¡ğ™¢ğ™šğ™£ğ™©ğ™š.
ğ™‹ğ˜¼ğ™ğ™‡ ğ˜¾ğ™‡ğ˜¼ğ™ğ˜¿ğ™€ğ™‡
ğ™‹ğ™¤ğ™šğ™©ğ™– ğ™® ğ™™ğ™ğ™¥ğ™¡ğ™¤ğ™¢ğ™–Ìğ™©ğ™ğ™˜ğ™¤ ğ™›ğ™§ğ™–ğ™£ğ™˜ğ™šÌğ™¨
(1868-1955)#coachingemocional #coachingespiritual #emociones #inteligenciaemocional #motivaciÃ³n #desarrollopersonal #psicometria",Â¡El Ãºltimo EL DIARIO DE LAS EMOCIONES! https://t.co/CD4paRG7GC Gracias a @ERMDeportes #noticias #emociones,"""COMPARTE, HAGAMOS VISIBLE LO INVISIBLE"".

#InteligenciaEmocional 
#CambiaTuFocoDeAtencion
#FocoDeAtencionPositivo
#MejoraTuVida
#CuidarTusPensamientos
#Emociones
#Pensamientos
#SePositivo
#HaciendoVisibleLoInvisible 
#HeldaMilla 
#CosasDeSanidad","Cuando nos abrimos a preguntarnos, que me estÃ¡ diciendo esa emociÃ³n que puede ser importante para mÃ­, empezamos a encontrar el camino para hacer los cambios que tenemos que hacer en nuestra vida.
#SaludMental #stress #emociones https://t.co/z8Hx6hJlij",Acercar distancias https://t.co/3MzedpJ7jL #PymesUnidas #emociones,"Â¿Conoces nuestro material descargable y cuadernos para entrenar tus #emociones inteligentes? 
ğŸ€EdiciÃ³n limitada #FdV
ğŸ€100% #madeinMallorca 
ğŸ€TambiÃ©n en PDF descargable
https://t.co/H03D4Ok13v
#profes #padres #ideasparaclase #lÃ­deresdeequipos https://t.co/z6PRLXZvty",El PerÃ­odico de Pymes Unidas estÃ¡ disponible! https://t.co/UVDoNVUI5n Gracias a @RBAsesoriaMad #pymesunidas #emociones,"La segueta y el camiÃ³n, con esta #poesÃ­a TomÃ¡s MartÃ­nez vuelve a @MayoresRadio
En @Radiodecision. Sus #Recuerdos y #emociones cada semana 
https://t.co/MbvRPE3JbY vÃ­a @SENIOR50","ğŸ†•ğŸ¦ğŸ‘‰https://t.co/1VqlcjZ7h3 
Â¿CÃ³mo te gusta mandar, con #autoridad o con #poder? Â¿No ves la diferencia? 
En #GenteInteligente: 4 conductas a evitar para ganar autoridad, ser mÃ¡s eficaz en tus relaciones y ademÃ¡ssentirte bien.
#InteligenciaEmocional #Emociones #Liderazgo https://t.co/aDiKbA1NO4","â€œSin pasiÃ³n no pasa nadaâ€. 
â€œLa pasiÃ³n hay que construirla, no cae del cieloâ€. Es @XavierMarcet 

â¤ï¸AÃ±ado; â€¦y AlegrÃ­a, sin AlegrÃ­a no se transforma, no se innova. Ni se crea. 

ğŸ‘‰ Emociones, Organizaciones, PolÃ­tica y Gentes, siempre. @antonigr 

#Politica #emociones #PÃºblico https://t.co/lKE8MOuLsW","En ti ğŸ’

#buscaelamor #amorpropio #autoestima #autovaloracion #emociones #sentimientos #consejos #reflexiones #demosleacadadiasuafan https://t.co/GnmAJKDySx",Frases para superar el #miedo https://t.co/4xc0k2LwLb #gestionemocional #FP #emociones #FPnaranja,Â¿Es normal #disociar? La protecciÃ³n natural contra eventos muy estresantes https://t.co/CXLWdv4CGL #gestionemocional #FP #emociones #FPnaranja,Trabajando la #asertividad con 8 reglas bÃ¡sicas para que sea eficiente https://t.co/FEbFKM5YYr #gestionemocional #FP #emociones #FPnaranja,"Cada una de ellas es una perla: ""Las 80 mejores frases de John Steinbeck"" https://t.co/B2l1fj3ccL #FP #GestiÃ³nemocional #Emociones #FPnaranja",Una decisiÃ³n importante para nuestro alumnado: Las 7 claves para elegir pareja o saber si estÃ¡s en la relaciÃ³n correcta https://t.co/BDV1BxdW4l #FP #GestionEmocional #emociones #FPnaranja,Curiosidades: Las 80 mejores frases de Alfred Hitchcock https://t.co/IcrMteqfzG #FP #emociones #gestiÃ³nemocional #FPNaranja,CÃ³mo aprender a relacionarse con los demÃ¡s https://t.co/cxXPlNognO #FP #emociones #gestiÃ³nemocional #FPnaranja,Uno de nuestros temas estrella durante el curso acadÃ©mico 21/22: la #ansiedad. Victorias y derrotas. https://t.co/nQUtk0l8X4 #FP #emociones #gestiÃ³nemocional,"Lectura recomendada de domingo, tras actualizaciÃ³n del un gran post: 10 claves para dominar tus #emociones https://t.co/mPNVt0M7fO 
#FP #FPnaranja","Inicia tu #procesoterapeutico con #enfoquegestalt Sesiones online y presencial.
â¤ï¸ğŸ¤ğŸ§¡ğŸ–¤ğŸ’›ğŸ¤ğŸ’šğŸ’œğŸ’™   ""Lo que se daÃ±a en relaciÃ³n, se sana en relaciÃ³n"". #veaterapia

#vih #duelos #viruelasimica #terapeutagestalt #emociones https://t.co/2DgOaaCWaL","#Pareja #Emociones ğŸ“Œ Expertos seÃ±alan que una infidelidad refuerza el vÃ­nculo de pareja cuando se trata de un hecho pasajero sobre el que se puede dialogar con el propÃ³sito de mejorar la relaciÃ³n ğŸ‘©â€â¤ï¸â€ğŸ‘¨ğŸ’”
https://t.co/whUUP7G2VI","QuizÃ¡ la vida sea por ahÃ­...ğŸ˜‰ ğŸ™ ğŸ’« ğŸ’™
#psicologÃ­a #leccionesdevida #reflexiones #aprendizajedevida #vidaplena #sentimienttos #emociones #compartir https://t.co/ZSBHbuYLsZ",Celos https://t.co/sx15rU6dYP #PymesUnidas #emociones,"https://t.co/UcPKx1d8fA
TambiÃ©n puedes seguirme
#SaludMental
#Salud
#farmacia #pharmacy #parafarmacia
#emociones
#cuerpo #mente #meditacion https://t.co/2UTS6jxpJ3","""Aprendemos de la Naturaleza""ğŸ˜ #Neuroedu2022  #EDUCACIONINCLUSIVA #emociones https://t.co/yt9MhksLwY","Grupo ROD

AtenciÃ³n al cliente 
Con este gran equipo ğŸ’ª 

Los #marcapasos del @rodcardiovascular, equipo de Cardiologia del Dr Alfredo Romano y la Dra Valeria Toledo 

#cardiologia #pediatria  #vida #mejoracontinua #equioodetrabajo #productividad #lider #emociones #argentinağŸ‡¦ğŸ‡· https://t.co/EBrRGLthgs",By AgustÃ­n Orejas- Cobertura periodista - #photograph #photographer #Argentina #photogrid #photo #Fotos #photographe #photography #FotÃ³grafo #periodismo #emociones #arte #streetphotography #fotocallejera #fotodocumental #photojournalism https://t.co/wjlN7EoPC9,Cuando hablamos de lo que sentimos ayudamos a procesar nuestras #emociones https://t.co/gfRB5frRjC,"Cuando yo aleteo mis manitas, aplaudo, balanceo o doy vueltas sÃ³lo estoy tratando de comunicar cuando estoy feliz, triste, frustrado o ansioso. Comprende que todo eso es parte de mÃ­! Â¡COMPRÃ‰NDEME!!! 

#comprensiÃ³n #empatÃ­a #respeto #tolerancia #emociones #diversidad #autismoâ€¦ https://t.co/Nh1SJmdcIJ","Â¡Â¡Â¡ Buenas noches !!! Â¿Fumas? - 
YO DEJÃ‰ DE FUMAR - Un libro de #emociones para que intentes dejar de #fumar: 
https://t.co/VY8CqCzLLi
#dejardefumar #tabaco
https://t.co/AifnCH7I93",Â¿Conoces nuestro #Programa completo para gestionar las #emociones?  https://t.co/yCkroRJDZt #InteligenciaEmocional https://t.co/4RQHcmxY93,"@albertorosasg Concuerdo 100%.
-Ten un plan
-ApÃ©gate al #plan
-Gestiona #riesgos y #emociones","El pasado 24 de Septiembre celebramos la I Jornada Juvenil de Inteligencia emocional.

Disfrutamos mucho con vosotros.
Os esperamos en la segunda ediciÃ³n.

#malaga #asociaciÃ³n #asociacion #asociacionmalaga  #emociones #gestiondeemociones #resiliencia
https://t.co/I8CUspcR19","ğ”ğ§ğš ğ§ğ¨ğœğ¡ğ ğ¥ğ¥ğğ§ğš ğğ #ğ„ğŒğğ‚ğˆğğğ„ğ’ ğ¯ğ¢ğ¯ğ¢ğ¦ğ¨ğ¬ ğğ§ ğğ¥ ğ¡ğğ«ğ¦ğ¨ğ¬ğ¨ ğ›ğšğ«ğ«ğ¢ğ¨ ğ‚ğ¨ğ§ğšğ¯ğ¢, donde compartimos con los vecinos los proyectos que tenemos para el Paraguay en ğ‘­ğ’–ğ’†ğ’“ğ’›ğ’‚ ğ‘¹ğ’†ğ’‘ğ’–ğ’ƒğ’ğ’Šğ’„ğ’‚ğ’ğ’‚.

#ATodaMaquina #WiensPresidente #Lista3 https://t.co/hFtTtCWvSK",Personas Medicina https://t.co/3aGkz9qw78 #PymesUnidas #emociones,"""COMPARTE, HAGAMOS VISIBLE LO INVISIBLE"".

#InteligenciaEmocional
#DejaTuHuella
#SeCapazDeCambiarTusDias 
#CuidarTusPensamientos
#Emociones
#Pensamientos
#SePositivo
#HaciendoVisibleLoInvisible 
#HeldaMilla 
#CosasDeSanidad",AsÃ­ es como nuestras #emociones cambian y dan forma a nuestros recuerdos. @elconfidencial #CGFPsicologÃ­a https://t.co/FlUswNOzBZ,"EMOCIONES EXPRESADAS, EMOCIONES SUPERADAS
 #autoestima #bienestar #saludmental #psicologia #emociones #CiaraMolina #amorpropio https://t.co/JCLI5CswYN","La regulaciÃ³n emocional adaptativa comienza temprano en el desarrollo y progresa a travÃ©s de la identificaciÃ³n de #emociones, el reconocimiento de una necesidad de ajustarse acorde las metas, el aprendizaje y uso de estrategias de afrontamiento.","Atraigo la prosperidad y la abundancia. 
#biodescodificacion #numerologia #transgeneracional #reiki #terapiafractal #energiacuantica #pendulo #sanacion #espiritualidad #emociones #liberacion #emocionesatrapadas #thymus #pam #sanar #frasedeldia https://t.co/M18QQlRGAT","â€“ Piensa que esto aportarÃ¡ emociÃ³n a tu vida. ğŸ˜
â€“ CariÃ±o, la emociÃ³n de mi vida es comer todo lo que quiera sin engordar. ğŸ˜…ğŸ˜ğŸ¥²

#SabadoDeTentacion #emociones #tacos #nachos","*ï¸âƒ£  Nuestra Â«ideologÃ­aÂ» es un conjunto normativo de #valores, #emociones, #ideas y #creencias, que son compatibles entre sÃ­ y son nuestra Â«guÃ­aÂ» en el #GrupoDecisiÃ³nMedia.

#Libertad #Verdad #FeCristiana #Valores #Veracidad #Transparencia #Hispanidad

ğŸ“² https://t.co/9jkFMlYFQm https://t.co/sX1wovKfXr",Un nuevo estudio revela la base cerebral de la #psicopatÃ­a VÃ­a @Mundelasalud https://t.co/pwuCOiec8u #cerebro #emociones #personalidad,"Disciplinar es bueno y necesario, pero a veces como padres cometemos ciertos erroresâ¬‡

https://t.co/fD5dnq10qK
#disciplina #niÃ±os #padres #emociones #GuiaInfantil",Â¿Conoces las caracterÃ­sticas de un manipulador emocional? Debes aprender a reconocerlas para evitar tener una #RelaciÃ³n que te dejarÃ¡ muchas secuelas ğŸ˜¥ğŸ˜®ğŸ™ #Pareja #Emociones https://t.co/ld3bh27qBc,"ğŸ“£ New Podcast! ""61. Claves para gestionar las emociones en casa: entrevista a Rafa Guerrero."" on @Spreaker #apego #apegoevitativo #apegoinseguro #apegoseguro #autoestima #educacion #emociones #gestionemocional #hijos #infancia #medicina #ninos https://t.co/7pLbqeiyBa","En la vorÃ¡gine del dÃ­a a dÃ­a, que No se me olvide lo importante! CuestiÃ³n de prioridades â¤ğŸ‘­ğŸ»
#FelizSÃ¡bado #emociones #estamosatiempo #DiaMundialdelaSaludMental https://t.co/BR2AeCECmU","Â¿CÃ³mo podemos gestionar las #emociones? Algunos consejos bÃ¡sicos

https://t.co/gc64gS1Mhw https://t.co/Y2xtNTKJLp",Las cosas buenas de la vida https://t.co/TiSFLrdbaV #PymesUnidas #emociones,Â¿Las mujeres interpretan mejor las  #emociones? . https://t.co/CdpQch33tX  #emociones  #Microexpresiones,"DINÃMICAS CON EMOCIONES. Propuestas prÃ¡cticas para conocernos y sentirnos mejor. #Novedad de @mjimgar222 
Un montÃ³n de ideas, #juegos y actividades para gestionar distintas #emociones en el grupo de iguales ğŸğŸ˜‹ğŸ
#EducaciÃ³nEmocional #Grupo #EducaciÃ³n
â†ªï¸ https://t.co/L5VPLz3KXp https://t.co/Fu6E4SmZ2G","Sentir, expresar, demostrar! â˜€ï¸ğŸ¶
#Vida #amor #emociones https://t.co/ORoPRJGtu1",Â¡El Ãºltimo EL DIARIO DE LAS EMOCIONES! https://t.co/GK12TkMT1f Gracias a @Almaviajera66 #noticias #emociones,"ğŸ§¡â€‹ Usar la culpa para crecer: https://t.co/772LkIS2nw
ğŸ’›â€‹ La felicidad de ser feliz: https://t.co/4MYjefpUEt
ğŸ’šâ€‹ 5 indicios que delatan a la gente inteligente: https://t.co/A38jSf8c0u
 
#podcasting #gestiÃ³nemocional #emociones","Hoy, en PARA QUÃ‰ M*** SIRVEN LAS EMOCIONES?
Â¿Para quÃ© sirve la VERGÃœENZA?
#tips #consejos #psicologÃ­a #emociones","Exploramos y compartimos las #emociones en la Semana de la #SaludMental con juegos cooperativos para #jÃ³venes, organizados en el campus de la @feyts_uva. https://t.co/A4UmaYLTbf",Marcar lÃ­mites les ayuda https://t.co/g9Zd8JsEyN #PymesUnidas #emociones,"Â¡TÃº decides! ğŸ§ 

#tumente #tudecides #pensamientos #emociones #reflexiones #consejos #demosleacadadiasuafan https://t.co/QDpqCsEpp1","Â¿Sabes quÃ© es la regulaciÃ³n emocional?
AquÃ­ tienes la respuesta y tres herramientas para empezar a practicarla. 
https://t.co/FzNKUzAYD3

#Psicologia #Coaching #CambiarTuVida #PrimeraSesionGratuita #Emociones
#FelizSabado https://t.co/NPimRSeGPe","Todos podemos re-estructurar nuestra mente consciente. 

Aprende a transformarte desde dentro en solo cuatro pasos ğŸ‘£

https://t.co/gOq2ZrmAB5

 #mente #consciente #misterio #observar #emociones #cuerpo #energÃ­a #aceptaciÃ³n #reprogramar #cambio  #atenciÃ³nplena #terapiaonline",MEJOR NOCHE DE MI VIDA!!!!! GRACIAS @jaywheelerpr ğŸ–¤ #EMOCIONES https://t.co/gFcTucMdAS,Las Emociones https://t.co/n7w4b5Zxus #PymesUnidas #emociones,"Â¡Este cuento corto sobre la confianza le encantarÃ¡ a tu pequeÃ±o! ğŸ¤—

https://t.co/51uKdyu7Vo
#confianza #niÃ±os #emociones #GuiaInfantil","@lyan_garcia Veo tus ojitos y siento como tÃº amor recorre,por todo mi ser. Esos ojitos color miel que me enamoran. Junto a esas pupilas que se dilatan cuando me dices te amo al mÃ­rame a los ojos. âœ¨ #emociones","Es duro darse cuenta....
#Ansiedad #Emociones 
#ManejarMisEmociones  #Relaciones #Pareja #Amor https://t.co/xpJpsnKwLh","Paraguay ğŸ‡µğŸ‡¾

Agradecidos de ser parte de esta linda experiencia.

#Coaching de vida para el sistema #penitenciario de #Paraguay.

Sigamos adelante ğŸ’ª 
.
.
#penitenciaria #paraguayğŸ‡µğŸ‡¾ #coaching #emociones #liderazgo #productividad #mejoracontinua https://t.co/OfGijnWSTJ","Â¿CÃ³mo influye tu cuerpo en tus emociones?
""El cuerpo sabe lo que la mente aÃºn no se ha dado cuenta"".

#neurociencia #marcadoressomaticos #mente #cuerpo #emociones 

https://t.co/54BNzyWjGm","Te invitamos a la siguiente charla
Tema: El impacto emocional que provoca el cÃ¡ncer de mama
Da clic en el siguiente link:
https://t.co/bQ8Obs0DlP 
#FacebookLive #impactoemocional #CÃ¡ncerDeMama #saludmental #AXAKeralty #AXA #AXAMÃ©xico #AXASeguros #psicologa #psiquiatra #emociones https://t.co/df4PdLanti","No siempre tenemos la obligaciÃ³n de estar bien y para todos.
DÃ­ NO sin sentir culpa, reconoce la emociÃ³n que te trae incomoda, ponle nombre. Respira. Y comete un helado a solas!!!
#Autorespeto
#Limites
#Emociones https://t.co/XjsSgK6IlL","ğ™€ğ™£ğ™–ğ™¢ğ™¤ğ™§ğ™–ğ™§ğ™¨ğ™š ğ™£ğ™¤ ğ™šğ™¨ ğ™–ğ™¢ğ™–ğ™§. ğ™‹ğ™ªğ™šğ™™ğ™š ğ™ªğ™£ğ™¤ ğ™šğ™£ğ™–ğ™¢ğ™¤ğ™§ğ™–ğ™§ğ™¨ğ™š ğ™® ğ™¤ğ™™ğ™ğ™–ğ™§.
ğ™ğ™€ğ˜¿ğ™Šğ™ ğ™ˆğ™„ğ™…ğ˜¼ğ™„ğ™‡ğ™Šğ™‘ğ™„ğ˜¾ğ™ƒ ğ˜¿ğ™Šğ™ğ™ğ™Šğ™„ğ™€ğ™‘ğ™ğ™†ğ™„
ğ™€ğ™¨ğ™˜ğ™§ğ™ğ™©ğ™¤ğ™§ ğ™§ğ™ªğ™¨ğ™¤
(1821-1881)#coachingespiritual #emociones #inteligenciaemocional #motivaciÃ³n #desarrollopersonal","Volviendo a participar y disfrutar en nuestra mÃ­tica Jornada lÃºdica Familia-Escuela en juegos por la #igualdad #convivencia #emociones aplausos para todas, cansadas pero muy felices con el resultado @UNICEFAndalucia @convigualdad https://t.co/EUSFxY4gDl","No tengas un autodiÃ¡logo asÃ­. SÃ© tu fan nÃºmero uno.
#psicologia #autoestima #autoconfianza #saludmental #autocuidado #amorpropio #bienestaremocional #saludemocional #reflexiones #pensamientos #ideas #emociones #sentimientos #desarrollopersonal #crecimiento #superacionpersonal https://t.co/DBOIUnOAWl","ğŸŒ¸ Conoce los 6 pilares para tener una buena autoestima y tenlos presente. Guarda esta imagen para que los recuerdes en tu dÃ­a a dÃ­a. ğŸŒ¸

#Emociones #SerParaFlorecer #DesarrolloEmocional #GestionEmocional #Sinfinesdelucro #FundaciÃ³nYdanna #autoestima https://t.co/g0PwSVdhAN",Fluye la energÃ­a dentro. #letras #escritos #sentir #emociones #frases #dst https://t.co/ebfmrK2ZBv,Cada emociÃ³n tiene un propÃ³sito #Emociones #PsicologÃ­a https://t.co/uztcdNI0v2
1,,,,,,,,,,,,,,,,,,,,,,,,,,,,,,,,,,,,,,,,,,,,,,,,,,,,,,,,,,,,,,,,,,,,,,,,,,,,,,,,,,,,,,,,,,,,,,,,,,,,
2,,,,,,,,,,,,,,,,,,,,,,,,,,,,,,,,,,,,,,,,,,,,,,,,,,,,,,,,,,,,,,,,,,,,,,,,,,,,,,,,,,,,,,,,,,,,,,,,,,,,
3,newest_id,oldest_id,result_count,next_token,,,,,,,,,,,,,,,,,,,,,,,,,,,,,,,,,,,,,,,,,,,,,,,,,,,,,,,,,,,,,,,,,,,,,,,,,,,,,,,,,,,,,,,,,,,,,,,,
